{
  "project_info": {
    "project_number": "692280388505",
    "firebase_url": "https://pap2021-92c05-default-rtdb.firebaseio.com",
    "project_id": "pap2021-92c05",
    "storage_bucket": "pap2021-92c05.appspot.com"
  },
  "client": [
    {
      "client_info": {
        "mobilesdk_app_id": "1:692280388505:android:a6a8287569c7fe9f3b8108",
        "android_client_info": {
          "package_name": "com.example.homebit"
        }
      },
      "oauth_client": [
        {
          "client_id": "692280388505-qjdft5r6dvt9ogof15t3o741m78lgpfk.apps.googleusercontent.com",
          "client_type": 3
        }
      ],
      "api_key": [
        {
          "current_key": "AIzaSyDMlvj197sx2y_fCeU8yySHIXG4QFvYtOs"
        }
      ],
      "services": {
        "appinvite_service": {
          "other_platform_oauth_client": [
            {
              "client_id": "692280388505-qjdft5r6dvt9ogof15t3o741m78lgpfk.apps.googleusercontent.com",
              "client_type": 3
            }
          ]
        }
      }
    },
    {
      "client_info": {
        "mobilesdk_app_id": "1:692280388505:android:9d5ce02e78978a533b8108",
        "android_client_info": {
          "package_name": "com.example.myapplication"
        }
      },
      "oauth_client": [
        {
          "client_id": "692280388505-qjdft5r6dvt9ogof15t3o741m78lgpfk.apps.googleusercontent.com",
          "client_type": 3
        }
      ],
      "api_key": [
        {
          "current_key": "AIzaSyDMlvj197sx2y_fCeU8yySHIXG4QFvYtOs"
        }
      ],
      "services": {
        "appinvite_service": {
          "other_platform_oauth_client": [
            {
              "client_id": "692280388505-qjdft5r6dvt9ogof15t3o741m78lgpfk.apps.googleusercontent.com",
              "client_type": 3
            }
          ]
        }
      }
    },
    {
      "client_info": {
        "mobilesdk_app_id": "1:692280388505:android:f8e182eb2c7321ab3b8108",
        "android_client_info": {
          "package_name": "com.homebit.HomeBit"
        }
      },
      "oauth_client": [
        {
          "client_id": "692280388505-qjdft5r6dvt9ogof15t3o741m78lgpfk.apps.googleusercontent.com",
          "client_type": 3
        }
      ],
      "api_key": [
        {
          "current_key": "AIzaSyDMlvj197sx2y_fCeU8yySHIXG4QFvYtOs"
        }
      ],
      "services": {
        "appinvite_service": {
          "other_platform_oauth_client": [
            {
              "client_id": "692280388505-qjdft5r6dvt9ogof15t3o741m78lgpfk.apps.googleusercontent.com",
              "client_type": 3
            }
          ]
        }
      }
    }
  ],
  "configuration_version": "1"
}